Author,Statement,Source,Date,Rating,URL
X posts,FEMA delivered “only four” temporary housing units to Helene victims in North Carolina as of Nov. 20.,https://www.politifact.com/factchecks/2024/dec/10/tweets/how-much-temporary-housing-has-fema-provided-to-nc/,"December 10, 2024",half-true,https://www.politifact.com/factchecks/2024/dec/10/tweets/how-much-temporary-housing-has-fema-provided-to-nc/
X posts,Kash Patel posted on X that “the FBI is gay.”,https://www.politifact.com/factchecks/2024/dec/02/tweets/no-trumps-fbi-director-pick-kash-patel-didnt-call/,"December 2, 2024",false,https://www.politifact.com/factchecks/2024/dec/02/tweets/no-trumps-fbi-director-pick-kash-patel-didnt-call/
X posts,"“Red Cross is set to close shelters across North Carolina on Nov. 15. Families staying in these shelters are being told: ‘If you don’t have a safe place to take your children, you won’t be leaving with them.’”",https://www.politifact.com/factchecks/2024/nov/18/tweets/no-evidence-of-officials-threatening-keep-children/,"November 18, 2024",false,https://www.politifact.com/factchecks/2024/nov/18/tweets/no-evidence-of-officials-threatening-keep-children/
X posts,“CCTV captures the moment a Trump voter in (Wisconsin) is assaulted by two Kamala Harris thugs at a voting station.”,https://www.politifact.com/factchecks/2024/nov/07/tweets/video-showing-trump-voter-assaulted-in-wisconsin-l/,"November 7, 2024",pants-fire,https://www.politifact.com/factchecks/2024/nov/07/tweets/video-showing-trump-voter-assaulted-in-wisconsin-l/
X posts,"Vans filled with 50,000 ballots show up in Philadelphia during live MSNBC report.",https://www.politifact.com/factchecks/2024/nov/06/tweets/vehicles-seen-in-msnbc-live-report-from-philadelph/,"November 6, 2024",false,https://www.politifact.com/factchecks/2024/nov/06/tweets/vehicles-seen-in-msnbc-live-report-from-philadelph/
X posts,Pacific Gas & Electric Co. deliberately shut off power “on Republican voters” in California on Election Day.,https://www.politifact.com/factchecks/2024/nov/06/tweets/ca-wildfire-related-power-shutoff-expected-after-p/,"November 6, 2024",false,https://www.politifact.com/factchecks/2024/nov/06/tweets/ca-wildfire-related-power-shutoff-expected-after-p/
X posts,A video showing conversations about noncitizen voting outside a Philadelphia city commissioners' office is proof of “Pennsylvania election fraud.”,https://www.politifact.com/factchecks/2024/nov/06/tweets/video-does-not-show-philadelphia-voting-officials/,"November 6, 2024",false,https://www.politifact.com/factchecks/2024/nov/06/tweets/video-does-not-show-philadelphia-voting-officials/
X posts,"""El Pentágono falló en enviar las boletas para el voto en ausencia al personal militar activo"".",https://www.politifact.com/factchecks/2024/nov/06/tweets/los-estados-envian-las-boletas-a-los-militares-en/,"November 6, 2024",false,https://www.politifact.com/factchecks/2024/nov/06/tweets/los-estados-envian-las-boletas-a-los-militares-en/
X posts,"A Nov. 5 ballot scanning error in Cambria County, Pennsylvania, shows ""the election steal is happening.""",https://www.politifact.com/factchecks/2024/nov/05/tweets/ballot-scanning-errors-caused-voting-delays-in-one/,"November 5, 2024",false,https://www.politifact.com/factchecks/2024/nov/05/tweets/ballot-scanning-errors-caused-voting-delays-in-one/
X posts,"""Haitianos afirman haber llegado a EEUU hace solo 6 meses y ya tienen documentos de legalidad que les permite votar en Georgia"".",https://www.politifact.com/factchecks/2024/nov/04/tweets/un-video-supuestamente-mostrando-a-haitianos-que-d/,"November 4, 2024",pants-fire,https://www.politifact.com/factchecks/2024/nov/04/tweets/un-video-supuestamente-mostrando-a-haitianos-que-d/
X posts,“The United States Postal Service recently changed the delivery method of absentee mail-in ballots” to hide “the evidence of absentee mail-in ballot fraud.”,https://www.politifact.com/factchecks/2024/nov/04/tweets/no-proof-us-postal-service-recently-changed-the-de/,"November 4, 2024",false,https://www.politifact.com/factchecks/2024/nov/04/tweets/no-proof-us-postal-service-recently-changed-the-de/
X posts,An image shows CNN reporting that Vice President Kamala Harris has more votes than former President Donald Trump in Texas.,https://www.politifact.com/factchecks/2024/nov/04/tweets/cnn-did-not-air-a-graphic-showing-harris-with-more/,"November 4, 2024",pants-fire,https://www.politifact.com/factchecks/2024/nov/04/tweets/cnn-did-not-air-a-graphic-showing-harris-with-more/
X posts,Michael Jordan endorsed Donald Trump for president in the 2024 election.,https://www.politifact.com/factchecks/2024/nov/04/tweets/no-michael-jordan-hadnt-endorsed-donald-trump-as-o/,"November 4, 2024",false,https://www.politifact.com/factchecks/2024/nov/04/tweets/no-michael-jordan-hadnt-endorsed-donald-trump-as-o/
X posts,Video shows the FBI reported that “three linked groups have been apprehended for rigging early voting by mail-in ballot.”,https://www.politifact.com/factchecks/2024/nov/03/tweets/this-video-about-ballot-fraud-is-not-from-the-fbi/,"November 3, 2024",pants-fire,https://www.politifact.com/factchecks/2024/nov/03/tweets/this-video-about-ballot-fraud-is-not-from-the-fbi/
X posts,“Ballots in Ohio are showing Trump’s name misspelled!”,https://www.politifact.com/factchecks/2024/nov/01/tweets/ohio-voting-officials-say-they-have-not-received-r/,"November 1, 2024",false,https://www.politifact.com/factchecks/2024/nov/01/tweets/ohio-voting-officials-say-they-have-not-received-r/
X posts,"A video shows Haitians showing duplicate IDs, claiming they are voting for Vice President Kamala Harris in multiple Georgia counties.",https://www.politifact.com/factchecks/2024/nov/01/tweets/video-shows-haitians-who-claim-theyre-voting-for-h/,"November 1, 2024",pants-fire,https://www.politifact.com/factchecks/2024/nov/01/tweets/video-shows-haitians-who-claim-theyre-voting-for-h/
X posts,"Video shows “ballot mule in Northampton County, Pennsylvania, (dropping) off a large amount of ballots.”",https://www.politifact.com/factchecks/2024/nov/01/tweets/video-shows-a-postal-worker-dropping-off-mail-ball/,"November 1, 2024",pants-fire,https://www.politifact.com/factchecks/2024/nov/01/tweets/video-shows-a-postal-worker-dropping-off-mail-ball/
X posts,Video muestra que “‘votantes’ ilegales SE COLARON a LA FILA OTRA VEZ! En Pensilvania estado clave”.,https://www.politifact.com/factchecks/2024/nov/01/tweets/no-este-video-no-muestra-a-votantes-ilegales-salta/,"November 1, 2024",false,https://www.politifact.com/factchecks/2024/nov/01/tweets/no-este-video-no-muestra-a-votantes-ilegales-salta/
X posts,"El expresidente Donald Trump “se vistio de negro y dorado, colores del grupo Proud Boys” en mitín en el Madison Square Garden el 27 de octubre del 2024.",https://www.politifact.com/factchecks/2024/oct/31/tweets/trump-vistio-de-rojo-y-azul-en-el-mitin-en-madison/,"October 31, 2024",false,https://www.politifact.com/factchecks/2024/oct/31/tweets/trump-vistio-de-rojo-y-azul-en-el-mitin-en-madison/
X posts,Image shows an anti-Trump billboard outside Madison Square Garden.,https://www.politifact.com/factchecks/2024/oct/29/tweets/no-new-yorkers-didnt-erect-an-anti-trump-sign-outs/,"October 29, 2024",false,https://www.politifact.com/factchecks/2024/oct/29/tweets/no-new-yorkers-didnt-erect-an-anti-trump-sign-outs/
X posts,"There are “180,000 registered new Amish voters in Lancaster, Pennsylvania.”",https://www.politifact.com/factchecks/2024/oct/29/tweets/claims-about-180000-amish-registered-voters-in-lan/,"October 29, 2024",false,https://www.politifact.com/factchecks/2024/oct/29/tweets/claims-about-180000-amish-registered-voters-in-lan/
X posts,Photo shows people lined up outside Madison Square Garden before an Oct. 27 rally by former President Donald Trump.,https://www.politifact.com/factchecks/2024/oct/28/tweets/photo-shows-obamas-2011-ireland-crowd-not-trumps-i/,"October 28, 2024",false,https://www.politifact.com/factchecks/2024/oct/28/tweets/photo-shows-obamas-2011-ireland-crowd-not-trumps-i/
X posts,“BREAKING: Lizzo charged the Harris-Walz campaign $2.3 million for a single appearance at a Detroit rally.”,https://www.politifact.com/factchecks/2024/oct/28/tweets/claims-that-the-harris-campaign-paid-lizzo-23-mill/,"October 28, 2024",false,https://www.politifact.com/factchecks/2024/oct/28/tweets/claims-that-the-harris-campaign-paid-lizzo-23-mill/
X posts,"Video shows an election worker destroying mail ballots with votes for former President Donald Trump in Bucks County, Pennsylvania.",https://www.politifact.com/factchecks/2024/oct/25/tweets/video-doesnt-show-an-election-worker-ripping-ballo/,"October 25, 2024",pants-fire,https://www.politifact.com/factchecks/2024/oct/25/tweets/video-doesnt-show-an-election-worker-ripping-ballo/
X posts,A photo shows The Atlantic published a story headlined “Trump is Literally Hitler.”,https://www.politifact.com/factchecks/2024/oct/23/tweets/no-the-atlantic-did-not-publish-an-article-with-th/,"October 23, 2024",false,https://www.politifact.com/factchecks/2024/oct/23/tweets/no-the-atlantic-did-not-publish-an-article-with-th/
X posts,Michigan has “more registered voters than eligible citizens. This creates a huge risk of election fraud.”,https://www.politifact.com/factchecks/2024/oct/23/tweets/social-media-posts-mislead-about-michigan-voter-ro/,"October 23, 2024",false,https://www.politifact.com/factchecks/2024/oct/23/tweets/social-media-posts-mislead-about-michigan-voter-ro/
X posts,"Detroit’s Oct.15, 2024, absentee ballot return rate proves election fraud.",https://www.politifact.com/factchecks/2024/oct/17/tweets/detroit-absentee-ballot-return-rate-doesnt-signal/,"October 17, 2024",false,https://www.politifact.com/factchecks/2024/oct/17/tweets/detroit-absentee-ballot-return-rate-doesnt-signal/
X posts,Screenshots of documents show a former student of Democratic vice presidential candidate Tim Walz has lodged sexual abuse allegations against him.,https://www.politifact.com/factchecks/2024/oct/17/tweets/how-an-x-account-twisted-facts-to-push-unsubstanti/,"October 17, 2024",pants-fire,https://www.politifact.com/factchecks/2024/oct/17/tweets/how-an-x-account-twisted-facts-to-push-unsubstanti/
X posts,2023 FEMA webinar shows the agency is prioritizing its relief efforts around LGBTQ+ people,https://www.politifact.com/factchecks/2024/oct/11/tweets/clip-from-lgbtq-fema-webinar-goes-viral-without-co/,"October 11, 2024",false,https://www.politifact.com/factchecks/2024/oct/11/tweets/clip-from-lgbtq-fema-webinar-goes-viral-without-co/
X posts,North Carolina’s new voting rules in response to Hurricane Helene amount to “cheating” or “stealing.”,https://www.politifact.com/factchecks/2024/oct/11/tweets/north-carolinas-post-helene-changes-for-absentee-i/,"October 11, 2024",pants-fire,https://www.politifact.com/factchecks/2024/oct/11/tweets/north-carolinas-post-helene-changes-for-absentee-i/
X posts,"""Los 750 dólares que nuestra generosa administración ha ofrecido a las víctimas del huracán Helene son un PRÉSTAMO! Tienen un año para devolverlo"".",https://www.politifact.com/factchecks/2024/oct/10/tweets/los-750-de-fema-para-las-victimas-del-huracan-hele/,"October 10, 2024",pants-fire,https://www.politifact.com/factchecks/2024/oct/10/tweets/los-750-de-fema-para-las-victimas-del-huracan-hele/
X posts,"“Kamala Harris permitió la entrada a Estados Unidos de 13.000 extranjeros ilegales condenados por asesinato"".",https://www.politifact.com/factchecks/2024/oct/07/tweets/kamala-harris-permitio-la-entrada-de-13099-asesino/,"October 7, 2024",false,https://www.politifact.com/factchecks/2024/oct/07/tweets/kamala-harris-permitio-la-entrada-de-13099-asesino/
X posts,"“The $750 from FEMA that Kamala Harris is offering them is actually a loan, not real relief. And that if they don’t pay it back the feds can seize their property.”",https://www.politifact.com/factchecks/2024/oct/06/tweets/fema-gives-750-to-help-hurricane-victims-with-supp/,"October 6, 2024",pants-fire,https://www.politifact.com/factchecks/2024/oct/06/tweets/fema-gives-750-to-help-hurricane-victims-with-supp/
X posts,U.S. Transportation Secretary Pete Buttigieg banned private drones from flying over areas affected by Hurricane Helene.,https://www.politifact.com/factchecks/2024/oct/04/tweets/private-drones-can-fly-over-areas-hit-by-hurricane/,"October 4, 2024",barely-true,https://www.politifact.com/factchecks/2024/oct/04/tweets/private-drones-can-fly-over-areas-hit-by-hurricane/
X posts,Kamala Harris campaign ad “features a mother expressing regret for not having an abortion.”,https://www.politifact.com/factchecks/2024/oct/03/tweets/harris-speech-on-abortion-was-likely-ai-generated/,"October 3, 2024",pants-fire,https://www.politifact.com/factchecks/2024/oct/03/tweets/harris-speech-on-abortion-was-likely-ai-generated/
X posts,“Breaking: Pete Buttigieg reveals that he is HIV-positive.”,https://www.politifact.com/factchecks/2024/oct/03/tweets/parody-account-spreads-false-claim-about-secretary/,"October 3, 2024",pants-fire,https://www.politifact.com/factchecks/2024/oct/03/tweets/parody-account-spreads-false-claim-about-secretary/
X posts,Video shows an Iranian missile attack.,https://www.politifact.com/factchecks/2024/oct/03/tweets/no-this-video-does-not-show-iran-missile-attack/,"October 3, 2024",pants-fire,https://www.politifact.com/factchecks/2024/oct/03/tweets/no-this-video-does-not-show-iran-missile-attack/
X posts,A biolab caught fire in Georgia right before the 2024 election.,https://www.politifact.com/factchecks/2024/oct/01/tweets/georgia-fire-took-place-at-pool-and-spa-product-ma/,"October 1, 2024",false,https://www.politifact.com/factchecks/2024/oct/01/tweets/georgia-fire-took-place-at-pool-and-spa-product-ma/
X posts,"Photo shows President Joe Biden lounging on the beach ""while towns all over America were being wiped out” by Hurricane Helene.",https://www.politifact.com/factchecks/2024/sep/30/tweets/this-photo-doesnt-show-joe-biden-lounging-at-the-b/,"September 30, 2024",false,https://www.politifact.com/factchecks/2024/sep/30/tweets/this-photo-doesnt-show-joe-biden-lounging-at-the-b/
X posts,Video shows “the bunker-busting bombs that ended the lives of (Hassan) Nasrallah and Hezbollah’s leadership.”,https://www.politifact.com/factchecks/2024/sep/29/tweets/video-compilation-doesnt-show-deadly-airstrikes-on/,"September 29, 2024",false,https://www.politifact.com/factchecks/2024/sep/29/tweets/video-compilation-doesnt-show-deadly-airstrikes-on/
X posts,Image of people boarding up a window shows Michigan election officials are “preparing to steal this election”,https://www.politifact.com/factchecks/2024/sep/26/tweets/picture-of-boarded-up-windows-is-from-2023-florida/,"September 26, 2024",false,https://www.politifact.com/factchecks/2024/sep/26/tweets/picture-of-boarded-up-windows-is-from-2023-florida/
X posts,Video shows Vice President Kamala Harris using a teleprompter.,https://www.politifact.com/factchecks/2024/sep/24/tweets/no-this-video-doesnt-show-kamala-harris-using-a-te/,"September 24, 2024",false,https://www.politifact.com/factchecks/2024/sep/24/tweets/no-this-video-doesnt-show-kamala-harris-using-a-te/
X posts,Photo shows a toilet after “some Hezbollah operative blew up.”,https://www.politifact.com/factchecks/2024/sep/24/tweets/no-this-isnt-a-photo-of-a-toilet-destroyed-by-an-e/,"September 24, 2024",false,https://www.politifact.com/factchecks/2024/sep/24/tweets/no-this-isnt-a-photo-of-a-toilet-destroyed-by-an-e/
X posts,First lady Jill Biden led a Cabinet meeting for President Joe Biden and her signature appears on presidential stationery.,https://www.politifact.com/factchecks/2024/sep/21/tweets/jill-biden-joined-a-cabinet-meeting-to-give-a-wome/,"September 21, 2024",false,https://www.politifact.com/factchecks/2024/sep/21/tweets/jill-biden-joined-a-cabinet-meeting-to-give-a-wome/
X posts,“iPhones exploding in Lebanon blowing up random people.”,https://www.politifact.com/factchecks/2024/sep/20/tweets/no-this-image-doesnt-show-an-iphone-that-exploded/,"September 20, 2024",false,https://www.politifact.com/factchecks/2024/sep/20/tweets/no-this-image-doesnt-show-an-iphone-that-exploded/
X posts,"Ryan Routh's Instagram bio says he is a ""proud LGBTQ+ member""",https://www.politifact.com/factchecks/2024/sep/20/tweets/social-media-posts-connected-ryan-routh-with-lgbtq/,"September 20, 2024",false,https://www.politifact.com/factchecks/2024/sep/20/tweets/social-media-posts-connected-ryan-routh-with-lgbtq/
X posts,"Este es “vídeo de una inmigrante haitiana que asesinó y se comió al gato de sus vecinos” en Springfield, Ohio.",https://www.politifact.com/factchecks/2024/sep/18/tweets/el-arresto-de-una-mujer-en-canton-ohio-no-tiene-re/,"September 18, 2024",pants-fire,https://www.politifact.com/factchecks/2024/sep/18/tweets/el-arresto-de-una-mujer-en-canton-ohio-no-tiene-re/
X posts,Ryan Routh appeared in a Blackrock commercial.,https://www.politifact.com/factchecks/2024/sep/16/tweets/no-this-video-does-not-show-ryan-wesley-routh-in-a/,"September 16, 2024",false,https://www.politifact.com/factchecks/2024/sep/16/tweets/no-this-video-does-not-show-ryan-wesley-routh-in-a/
X posts,"The apparent assassination attempt against former President Donald Trump on Sept. 15, 2024, was “staged.”",https://www.politifact.com/factchecks/2024/sep/16/tweets/claims-that-an-apparent-assassination-attempt-agai/,"September 16, 2024",pants-fire,https://www.politifact.com/factchecks/2024/sep/16/tweets/claims-that-an-apparent-assassination-attempt-agai/
X posts,"Kamala Harris “descubierta usando unos zarcillos con audífonos inhalambricos, para que le soplaran las respuestas durante el debate contra Donald Trump”.",https://www.politifact.com/factchecks/2024/sep/12/tweets/no-kamala-harris-no-uso-pendientes-con-audifonos-e/,"September 12, 2024",pants-fire,https://www.politifact.com/factchecks/2024/sep/12/tweets/no-kamala-harris-no-uso-pendientes-con-audifonos-e/
X posts,"""Dallas County Texas (tells) election workers to (illegally) lie on registration & use a church address to register homeless people to vote!”",https://www.politifact.com/factchecks/2024/sep/11/tweets/texas-election-law-allows-homeless-voters-to-regis/,"September 11, 2024",pants-fire,https://www.politifact.com/factchecks/2024/sep/11/tweets/texas-election-law-allows-homeless-voters-to-regis/
X posts,“Un grupo de 32 venezolanos armados tomaron esta noche un edificio de apartamentos en Chicago”.,https://www.politifact.com/factchecks/2024/sep/09/tweets/no-un-grupo-de-32-migrantes-venezolanos-armados-no/,"September 9, 2024",false,https://www.politifact.com/factchecks/2024/sep/09/tweets/no-un-grupo-de-32-migrantes-venezolanos-armados-no/
X posts,A group of 32 armed Venezuelans took over an apartment building in Chicago.,https://www.politifact.com/factchecks/2024/sep/06/tweets/reports-about-32-venezuelan-armed-migrants-taking/,"September 6, 2024",false,https://www.politifact.com/factchecks/2024/sep/06/tweets/reports-about-32-venezuelan-armed-migrants-taking/
X posts,“BREAKING: Apalachee High School shooter has been identified as non-binary trans girl Samantha Hyde.”,https://www.politifact.com/factchecks/2024/sep/05/tweets/samantha-hyde-was-not-the-apalachee-high-school-sh/,"September 5, 2024",pants-fire,https://www.politifact.com/factchecks/2024/sep/05/tweets/samantha-hyde-was-not-the-apalachee-high-school-sh/
X posts,"On June 7, 2011, Kamala Harris was involved in a San Francisco hit-and-run crash that injured a woman named Alicia Brown.",https://www.politifact.com/factchecks/2024/sep/05/tweets/no-proof-kamala-harris-injured-a-person-in-2011-ca/,"September 5, 2024",pants-fire,https://www.politifact.com/factchecks/2024/sep/05/tweets/no-proof-kamala-harris-injured-a-person-in-2011-ca/
X posts,Nine Americans died from a listeria outbreak after Boar’s Head brand meat prioritized hiring “refugees” in Virginia.,https://www.politifact.com/factchecks/2024/sep/03/tweets/no-refugees-did-not-cause-a-deadly-boars-head-list/,"September 3, 2024",false,https://www.politifact.com/factchecks/2024/sep/03/tweets/no-refugees-did-not-cause-a-deadly-boars-head-list/
X posts,President Joe Biden “did a campaign ad at the graves in Arlington in 2020.”,https://www.politifact.com/factchecks/2024/aug/30/tweets/heres-how-a-biden-ad-that-featured-arlington-natio/,"August 30, 2024",barely-true,https://www.politifact.com/factchecks/2024/aug/30/tweets/heres-how-a-biden-ad-that-featured-arlington-natio/
X posts,"Video shows “Kamala Harris describing how she can ruin lives with the 'swipe of a pen.’""",https://www.politifact.com/factchecks/2024/aug/30/tweets/viral-video-misleads-with-edited-video-of-kamala-h/,"August 30, 2024",false,https://www.politifact.com/factchecks/2024/aug/30/tweets/viral-video-misleads-with-edited-video-of-kamala-h/
X posts,"C-SPAN captions for a JD Vance speech said, “Single person clapping.”",https://www.politifact.com/factchecks/2024/aug/30/tweets/c-span-didnt-air-single-person-clapping-caption-du/,"August 30, 2024",false,https://www.politifact.com/factchecks/2024/aug/30/tweets/c-span-didnt-air-single-person-clapping-caption-du/
X posts,"Un video muestra un helicóptero distribuyendo “mosquitos genéticos en Massachusetts, Estados Unidos”.",https://www.politifact.com/factchecks/2024/aug/29/tweets/este-video-no-muestra-helicoptero-liberando-mosqui/,"August 29, 2024",false,https://www.politifact.com/factchecks/2024/aug/29/tweets/este-video-no-muestra-helicoptero-liberando-mosqui/
X posts,The order of candidate names on North Carolina’s ballot shows a “clear attempt at voter manipulation.”,https://www.politifact.com/factchecks/2024/aug/28/tweets/no-north-carolinas-ballot-order-doesnt-show-attemp/,"August 28, 2024",false,https://www.politifact.com/factchecks/2024/aug/28/tweets/no-north-carolinas-ballot-order-doesnt-show-attemp/
X posts,Pallets of bricks were left all over the streets of Chicago before the Democratic National Convention.,https://www.politifact.com/factchecks/2024/aug/23/tweets/bricks-did-not-mysteriously-appear-in-chicago-befo/,"August 23, 2024",false,https://www.politifact.com/factchecks/2024/aug/23/tweets/bricks-did-not-mysteriously-appear-in-chicago-befo/
X posts,"Photo shows “domestic Antifa are already gathering in Chicago, to create chaos during the Harris-Walz DNC.”",https://www.politifact.com/factchecks/2024/aug/21/tweets/why-this-claim-about-antifa-at-the-dnc-is-false/,"August 21, 2024",false,https://www.politifact.com/factchecks/2024/aug/21/tweets/why-this-claim-about-antifa-at-the-dnc-is-false/
X posts,The American flag is missing from the Democratic National Convention in Chicago.,https://www.politifact.com/factchecks/2024/aug/21/tweets/american-flag-wasnt-missing-at-the-dnc/,"August 21, 2024",false,https://www.politifact.com/factchecks/2024/aug/21/tweets/american-flag-wasnt-missing-at-the-dnc/
X posts,“Women don't even get their own restroom at the DNC convention.”,https://www.politifact.com/factchecks/2024/aug/20/tweets/real-potty-talk-there-are-numerous-womens-restroom/,"August 20, 2024",pants-fire,https://www.politifact.com/factchecks/2024/aug/20/tweets/real-potty-talk-there-are-numerous-womens-restroom/
X posts,Photo shows “pallets or containers of bricks have been found near locations designated for protests related to the Democratic National Convention”,https://www.politifact.com/factchecks/2024/aug/20/tweets/no-this-photo-doesnt-show-bricks-for-dnc-protests/,"August 20, 2024",false,https://www.politifact.com/factchecks/2024/aug/20/tweets/no-this-photo-doesnt-show-bricks-for-dnc-protests/
X posts,Democrats dyed the “Chicago River red to celebrate abortion.”,https://www.politifact.com/factchecks/2024/aug/20/tweets/the-chicago-river-isnt-a-red-river-democrats-didnt/,"August 20, 2024",pants-fire,https://www.politifact.com/factchecks/2024/aug/20/tweets/the-chicago-river-isnt-a-red-river-democrats-didnt/
X posts,Photo from an Aug. 14 campaign event in Michigan shows “JD Vance couldn’t fill a small room.”,https://www.politifact.com/factchecks/2024/aug/15/tweets/viral-photo-misleads-on-crowd-size-at-vances-michi/,"August 15, 2024",false,https://www.politifact.com/factchecks/2024/aug/15/tweets/viral-photo-misleads-on-crowd-size-at-vances-michi/
X posts,Tim Walz “changed the Minnesota flag so it could resemble the Somalian flag.”,https://www.politifact.com/factchecks/2024/aug/06/tweets/tim-walz-didnt-pick-minnesotas-new-flag-and-its-de/,"August 6, 2024",false,https://www.politifact.com/factchecks/2024/aug/06/tweets/tim-walz-didnt-pick-minnesotas-new-flag-and-its-de/
X posts,Video shows “several masked men stormed a local voting station and stole the ballot boxes” in Venezuela’s 2024 election.,https://www.politifact.com/factchecks/2024/jul/30/tweets/this-video-doesnt-show-ballot-boxes-being-stolen-f/,"July 30, 2024",false,https://www.politifact.com/factchecks/2024/jul/30/tweets/this-video-doesnt-show-ballot-boxes-being-stolen-f/
X posts,"""Taylor Swift y Beyoncé se unen para un concierto épico en apoyo a Kamala Harris!"".",https://www.politifact.com/factchecks/2024/jul/26/tweets/taylor-swift-y-beyonce-no-anunciaron-un-concierto/,"July 26, 2024",false,https://www.politifact.com/factchecks/2024/jul/26/tweets/taylor-swift-y-beyonce-no-anunciaron-un-concierto/
X posts,Videos show Jill Biden alone in Paris and at White House with Joe Biden at the same time.,https://www.politifact.com/factchecks/2024/jul/25/tweets/claims-that-jill-biden-was-at-the-white-house-and/,"July 25, 2024",pants-fire,https://www.politifact.com/factchecks/2024/jul/25/tweets/claims-that-jill-biden-was-at-the-white-house-and/
X posts,Imágenes muestran a la subdirectora del FBI Janeen DiGuiseppi sentada detrás del expresidente Donald Trump durante su intento de asesinato.,https://www.politifact.com/factchecks/2024/jul/25/tweets/el-fbi-dice-que-la-subdirectora-janeen-diguiseppi/,"July 25, 2024",false,https://www.politifact.com/factchecks/2024/jul/25/tweets/el-fbi-dice-que-la-subdirectora-janeen-diguiseppi/
X posts,"""Muere la madre de Michelle Obama, deja herencia a 'Mi hijo Michael'"".",https://www.politifact.com/factchecks/2024/jul/25/tweets/la-madre-de-michelle-obama-no-declaro-en-su-testam/,"July 25, 2024",pants-fire,https://www.politifact.com/factchecks/2024/jul/25/tweets/la-madre-de-michelle-obama-no-declaro-en-su-testam/
X posts,"The death of Rep. Sheila Jackson Lee, D-Texas, six days after the Trump rally shooting was linked to her “oversight of the Secret Service.”",https://www.politifact.com/factchecks/2024/jul/24/tweets/no-evidence-links-rep-sheila-jackson-lees-death-to/,"July 24, 2024",false,https://www.politifact.com/factchecks/2024/jul/24/tweets/no-evidence-links-rep-sheila-jackson-lees-death-to/
X posts,"""Kamala Harris no es elegible para postularse para la presidencia. Ninguno de sus padres eran ciudadanos estadounidenses natos cuando ella nació"".",https://www.politifact.com/factchecks/2024/jul/24/tweets/kamala-harris-nacio-en-california-y-si-puede-ser-p/,"July 24, 2024",pants-fire,https://www.politifact.com/factchecks/2024/jul/24/tweets/kamala-harris-nacio-en-california-y-si-puede-ser-p/
X posts,The absence of the presidential seal on President Joe Biden’s letter announcing his exit from the presidential race proves “this wasn’t Biden’s choice.”,https://www.politifact.com/factchecks/2024/jul/23/tweets/why-was-bidens-letter-on-dropping-out-missing-the/,"July 23, 2024",false,https://www.politifact.com/factchecks/2024/jul/23/tweets/why-was-bidens-letter-on-dropping-out-missing-the/
X posts,"Former President Jimmy Carter “passed away Tuesday, July 23, at 01:34 am at his home in Plains, Georgia at the age of 99.”",https://www.politifact.com/factchecks/2024/jul/23/tweets/former-president-jimmy-carter-is-still-alive-despi/,"July 23, 2024",false,https://www.politifact.com/factchecks/2024/jul/23/tweets/former-president-jimmy-carter-is-still-alive-despi/
X posts,A July 21 video aired by PBS News shows President Joe Biden’s “first video address following dropping out of the presidential race.”,https://www.politifact.com/factchecks/2024/jul/22/tweets/this-video-doesnt-show-president-joe-bidens-first/,"July 22, 2024",pants-fire,https://www.politifact.com/factchecks/2024/jul/22/tweets/this-video-doesnt-show-president-joe-bidens-first/
X posts,Bill Gates is responsible for July 19 global tech outage.,https://www.politifact.com/factchecks/2024/jul/19/tweets/no-bill-gates-didnt-cause-july-19-worldwide-it-out/,"July 19, 2024",false,https://www.politifact.com/factchecks/2024/jul/19/tweets/no-bill-gates-didnt-cause-july-19-worldwide-it-out/
X posts,"An executive of the gay dating app Grindr said the Republican National Convention is ""basically Grindr’s Super Bowl.'”",https://www.politifact.com/factchecks/2024/jul/19/tweets/no-grindr-executives-didnt-call-the-rnc-grindrs-su/,"July 19, 2024",false,https://www.politifact.com/factchecks/2024/jul/19/tweets/no-grindr-executives-didnt-call-the-rnc-grindrs-su/
X posts,Video shows Donald Trump sleeping at the Republican National Convention’s first night.,https://www.politifact.com/factchecks/2024/jul/17/tweets/video-shows-donald-trumps-eyes-closed-in-prayer-no/,"July 17, 2024",false,https://www.politifact.com/factchecks/2024/jul/17/tweets/video-shows-donald-trumps-eyes-closed-in-prayer-no/
X posts,Video shows Trump gunman Thomas Matthew Crooks yelling “slash Republican throats”,https://www.politifact.com/factchecks/2024/jul/15/tweets/video-of-man-yelling-slash-republican-throats-was/,"July 15, 2024",false,https://www.politifact.com/factchecks/2024/jul/15/tweets/video-of-man-yelling-slash-republican-throats-was/
X posts,"Donald Trump escenificó el tiroteo en su mitin en Butler, Pensilvania.",https://www.politifact.com/factchecks/2024/jul/15/tweets/las-afirmaciones-de-que-el-intento-de-asesinato-co/,"July 15, 2024",pants-fire,https://www.politifact.com/factchecks/2024/jul/15/tweets/las-afirmaciones-de-que-el-intento-de-asesinato-co/
X posts,LGBTQ+ leaders sign World Economic Forum treaty to “Accept Pedophiles as 'Legally Protected Minority’”,https://www.politifact.com/factchecks/2024/jul/11/tweets/did-lgbtq-leaders-sign-a-wef-pro-pedophile-treaty/,"July 11, 2024",pants-fire,https://www.politifact.com/factchecks/2024/jul/11/tweets/did-lgbtq-leaders-sign-a-wef-pro-pedophile-treaty/
X posts,“Deadlines have passed in … Wisconsin” to replace President Joe Biden on the ballot.,https://www.politifact.com/factchecks/2024/jul/11/tweets/deadline-has-not-passed-in-wisconsin-to-replace-bi/,"July 11, 2024",false,https://www.politifact.com/factchecks/2024/jul/11/tweets/deadline-has-not-passed-in-wisconsin-to-replace-bi/
X posts,"“CNN will implement a 1-2 minute delay for tonight’s presidential debate instead of the standard 7-second delay, potentially allowing time to edit parts of the broadcast.”",https://www.politifact.com/factchecks/2024/jun/28/tweets/cnn-knocks-down-rumor-of-longer-tv-delay-at-biden/,"June 28, 2024",false,https://www.politifact.com/factchecks/2024/jun/28/tweets/cnn-knocks-down-rumor-of-longer-tv-delay-at-biden/
X posts,Canadian Cancer Society apologized and said it will “no longer use the term ‘cervix’ and instead use the term ‘front hole.’”,https://www.politifact.com/factchecks/2024/jun/17/tweets/no-a-canadian-cancer-charity-didnt-apologize-for-u/,"June 17, 2024",false,https://www.politifact.com/factchecks/2024/jun/17/tweets/no-a-canadian-cancer-charity-didnt-apologize-for-u/
X posts,Hunter Biden’s trial and conviction were contrived to divert attention from Biden family crimes.,https://www.politifact.com/factchecks/2024/jun/14/tweets/some-trump-backers-say-the-hunter-biden-trial-was/,"June 14, 2024",pants-fire,https://www.politifact.com/factchecks/2024/jun/14/tweets/some-trump-backers-say-the-hunter-biden-trial-was/
X posts,Photo shows the judges who will hear the appeal of former President Donald Trump’s criminal conviction.,https://www.politifact.com/factchecks/2024/may/31/tweets/who-will-hear-donald-trumps-appeal-its-too-early-t/,"May 31, 2024",false,https://www.politifact.com/factchecks/2024/may/31/tweets/who-will-hear-donald-trumps-appeal-its-too-early-t/
X posts,“Trump is no longer eligible to run for president and must drop out of the race immediately.”,https://www.politifact.com/factchecks/2024/may/30/tweets/claim-that-conviction-makes-donald-trump-ineligibl/,"May 30, 2024",false,https://www.politifact.com/factchecks/2024/may/30/tweets/claim-that-conviction-makes-donald-trump-ineligibl/
X posts,“(Actress) Candice King calls out Rafah massacre and beheaded babies.”,https://www.politifact.com/factchecks/2024/may/28/tweets/did-vampire-diaries-star-condemn-israels-rafah-att/,"May 28, 2024",false,https://www.politifact.com/factchecks/2024/may/28/tweets/did-vampire-diaries-star-condemn-israels-rafah-att/
X posts,North Carolina mask bill includes “specific carve outs for entities like the KKK to continue wearing hoods in public.”,https://www.politifact.com/factchecks/2024/may/22/tweets/no-north-carolinas-mask-bill-doesnt-include-a-carv/,"May 22, 2024",barely-true,https://www.politifact.com/factchecks/2024/may/22/tweets/no-north-carolinas-mask-bill-doesnt-include-a-carv/
X posts,Video shows turbulence on a Singapore Airlines flight that had one casualty.,https://www.politifact.com/factchecks/2024/may/21/tweets/video-shows-flight-turbulence-from-2019-not-singap/,"May 21, 2024",false,https://www.politifact.com/factchecks/2024/may/21/tweets/video-shows-flight-turbulence-from-2019-not-singap/
X posts,"Fired Milwaukee election leader “printed 64,000 ballots in a back room at City Hall in Milwaukee and had random employees fill them out,” giving Joe Biden the lead.",https://www.politifact.com/factchecks/2024/may/21/tweets/no-milwaukees-election-chief-did-not-print-64000-b/,"May 21, 2024",false,https://www.politifact.com/factchecks/2024/may/21/tweets/no-milwaukees-election-chief-did-not-print-64000-b/
X posts,Photos show bodies of people who died in the helicopter crash with Iranian President Ebrahim Raisi.,https://www.politifact.com/factchecks/2024/may/21/tweets/crash-photos-on-x-are-from-2020-plane/,"May 21, 2024",false,https://www.politifact.com/factchecks/2024/may/21/tweets/crash-photos-on-x-are-from-2020-plane/
X posts,Sen. Katie Britt introduced a bill “to create a national registry of pregnant women.”,https://www.politifact.com/factchecks/2024/may/16/tweets/would-sen-katie-britts-bill-create-a-national-regi/,"May 16, 2024",false,https://www.politifact.com/factchecks/2024/may/16/tweets/would-sen-katie-britts-bill-create-a-national-regi/
X posts,Video shows Slovakia Prime Minister Fico speaking against the World Health Organization the week before he was the target of an assassination attempt.,https://www.politifact.com/factchecks/2024/may/16/tweets/video-of-slovakia-prime-minister-speaking-against/,"May 16, 2024",false,https://www.politifact.com/factchecks/2024/may/16/tweets/video-of-slovakia-prime-minister-speaking-against/
X posts,Video shows Muslim migrants in Sweden destroying property because an Israeli singer took part in Eurovision.,https://www.politifact.com/factchecks/2024/may/15/tweets/does-video-show-anti-israel-protesters-clashing-wi/,"May 15, 2024",false,https://www.politifact.com/factchecks/2024/may/15/tweets/does-video-show-anti-israel-protesters-clashing-wi/
X posts,"“Alvin Bragg’s office deleted 3 pages of phone call records of Michael Cohen with Stormy Daniels’ lawyer,” which is evidence tampering.",https://www.politifact.com/factchecks/2024/may/15/tweets/trump-evidence-summary-that-omitted-some-phone-cal/,"May 15, 2024",false,https://www.politifact.com/factchecks/2024/may/15/tweets/trump-evidence-summary-that-omitted-some-phone-cal/
X posts,Photo shows “Palestinian activists” blocking “Jewish students from entering Columbia University.”,https://www.politifact.com/factchecks/2024/apr/30/tweets/photo-does-not-show-pro-palestine-protesters-block/,"April 30, 2024",false,https://www.politifact.com/factchecks/2024/apr/30/tweets/photo-does-not-show-pro-palestine-protesters-block/
X posts,"Video shows hecklers April 16 booing Joe Biden’s motorcade in his hometown of Scranton, Pennsylvania.",https://www.politifact.com/factchecks/2024/apr/19/tweets/video-of-protesters-heckling-joe-biden-in-his-home/,"April 19, 2024",false,https://www.politifact.com/factchecks/2024/apr/19/tweets/video-of-protesters-heckling-joe-biden-in-his-home/
X posts,Donald Trump violated the Logan Act by resharing 2018 Iran tweet on Truth Social.,https://www.politifact.com/factchecks/2024/apr/16/tweets/trump-didnt-violate-logan-act-with-reshare-of-old/,"April 16, 2024",false,https://www.politifact.com/factchecks/2024/apr/16/tweets/trump-didnt-violate-logan-act-with-reshare-of-old/
X posts,"An X post that said, “I did it” was “the last thing O.J. Simpson tweeted before he passed.”",https://www.politifact.com/factchecks/2024/apr/12/tweets/fact-checking-the-false-claim-that-oj-simpson-post/,"April 12, 2024",false,https://www.politifact.com/factchecks/2024/apr/12/tweets/fact-checking-the-false-claim-that-oj-simpson-post/
X posts,Video shows “child groomer” at city council meeting reacting to “getting exposed”,https://www.politifact.com/factchecks/2024/apr/10/tweets/video-shows-prankster-in-character-at-city-council/,"April 10, 2024",false,https://www.politifact.com/factchecks/2024/apr/10/tweets/video-shows-prankster-in-character-at-city-council/
X posts,Video shows “an entire block of unfinished houses collapsed as a result of an earthquake in Taiwan.”,https://www.politifact.com/factchecks/2024/apr/04/tweets/does-video-show-the-earthquake-leveling-an-entire/,"April 4, 2024",false,https://www.politifact.com/factchecks/2024/apr/04/tweets/does-video-show-the-earthquake-leveling-an-entire/
X posts,A March 7 U.S. security alert … means the U.S. was “behind this gruesome terror attack on Russian civilians.”,https://www.politifact.com/factchecks/2024/mar/27/tweets/warning-to-russia-about-a-terror-attack-doesnt-mea/,"March 27, 2024",pants-fire,https://www.politifact.com/factchecks/2024/mar/27/tweets/warning-to-russia-about-a-terror-attack-doesnt-mea/
X posts,“The captain of the container ship Dali…is a Ukrainian.”,https://www.politifact.com/factchecks/2024/mar/27/tweets/no-the-captain-of-the-container-ship-that-hit-the/,"March 27, 2024",false,https://www.politifact.com/factchecks/2024/mar/27/tweets/no-the-captain-of-the-container-ship-that-hit-the/
X posts,Transportation Secretary Pete Buttigieg blamed the Francis Scott Key Bridge’s collapse on “racism.”,https://www.politifact.com/factchecks/2024/mar/27/tweets/pete-buttigieg-didnt-blame-baltimore-bridge-collap/,"March 27, 2024",false,https://www.politifact.com/factchecks/2024/mar/27/tweets/pete-buttigieg-didnt-blame-baltimore-bridge-collap/
X posts,Edited Wikipedia entry provides proof that “Israelis deployed Talmudic network to take out” Baltimore’s Francis Scott Key Bridge.,https://www.politifact.com/factchecks/2024/mar/26/tweets/edited-wikipedia-entry-doesnt-prove-israel-caused/,"March 26, 2024",pants-fire,https://www.politifact.com/factchecks/2024/mar/26/tweets/edited-wikipedia-entry-doesnt-prove-israel-caused/
X posts,Maryland bridge collapse was a false flag operation to distract from other events.,https://www.politifact.com/factchecks/2024/mar/26/tweets/maryland-bridge-collapse-a-false-flag-event-no-aut/,"March 26, 2024",pants-fire,https://www.politifact.com/factchecks/2024/mar/26/tweets/maryland-bridge-collapse-a-false-flag-event-no-aut/
X posts,Mel Gibson released a video of Bill and Hillary Clinton engaging in cannibalism with “Haitian cannibal gang leader ‘Barbecue!’”,https://www.politifact.com/factchecks/2024/mar/19/tweets/no-video-of-clintons-engaging-in-cannibalism-with/,"March 19, 2024",pants-fire,https://www.politifact.com/factchecks/2024/mar/19/tweets/no-video-of-clintons-engaging-in-cannibalism-with/
X posts,“Trans activists replaced Easter with the Transgender Day of Visibility.”,https://www.politifact.com/factchecks/2024/mar/14/tweets/hopping-to-conclusions-no-easter-has-not-been-repl/,"March 14, 2024",false,https://www.politifact.com/factchecks/2024/mar/14/tweets/hopping-to-conclusions-no-easter-has-not-been-repl/
X posts,The Kids Online Safety Act “would require everyone to upload your government ID in order to use most sites on the internet.”,https://www.politifact.com/factchecks/2024/feb/23/tweets/proposed-online-safety-act-does-not-require-websit/,"February 23, 2024",false,https://www.politifact.com/factchecks/2024/feb/23/tweets/proposed-online-safety-act-does-not-require-websit/
X posts,"En una entrevista con Tucker Carlson, el presidente ruso Vladimir Putin dijo que el tema de la frontera sur de Estados Unidos le parece ""irónicamente divertido"".",https://www.politifact.com/factchecks/2024/feb/13/tweets/tucker-carlson-y-vladimir-putin-no-hablaron-sobre/,"February 13, 2024",pants-fire,https://www.politifact.com/factchecks/2024/feb/13/tweets/tucker-carlson-y-vladimir-putin-no-hablaron-sobre/
X posts,"Jason Kelce “arrived in Vegas, for the Superbowl, dressed as Alan from The Hangover.”",https://www.politifact.com/factchecks/2024/feb/12/tweets/jason-kelce-did-not-arrive-in-las-vegas-dressed-as/,"February 12, 2024",false,https://www.politifact.com/factchecks/2024/feb/12/tweets/jason-kelce-did-not-arrive-in-las-vegas-dressed-as/
X posts,"Rep. Ilhan Omar said her ""top priority is to put Somalia first and expand its territory.”",https://www.politifact.com/factchecks/2024/feb/01/tweets/rep-ilhan-omar-says-translation-of-her-comments-is/,"February 1, 2024",false,https://www.politifact.com/factchecks/2024/feb/01/tweets/rep-ilhan-omar-says-translation-of-her-comments-is/
X posts,“Rep. Dean Phillips received almost twice as many votes as Biden did in the New Hampshire primary.”,https://www.politifact.com/factchecks/2024/jan/26/tweets/dean-phillips-didnt-win-the-nh-primary-he-said-so/,"January 26, 2024",pants-fire,https://www.politifact.com/factchecks/2024/jan/26/tweets/dean-phillips-didnt-win-the-nh-primary-he-said-so/
X posts,“New proposed bill in Maine says the state can take custody of a kid if the parents oppose” gender-affirming care,https://www.politifact.com/factchecks/2024/jan/24/tweets/maine-bill-doesnt-allow-state-to-take-trans-kids-i/,"January 24, 2024",false,https://www.politifact.com/factchecks/2024/jan/24/tweets/maine-bill-doesnt-allow-state-to-take-trans-kids-i/
X posts,"""Imágenes del ataque hutí al barco estadounidense porta contenedores M/V Gibraltar Eagle en el mar rojo""",https://www.politifact.com/factchecks/2024/jan/19/tweets/el-video-muestra-el-incendio-de-un-barco-en-2021-e/,"January 19, 2024",false,https://www.politifact.com/factchecks/2024/jan/19/tweets/el-video-muestra-el-incendio-de-un-barco-en-2021-e/
X posts,"Jimmy Kimmel was on the Jeffrey Epstein list, documents show.",https://www.politifact.com/factchecks/2024/jan/04/tweets/document-showing-jimmy-kimmel-in-epstein-court-cas/,"January 4, 2024",pants-fire,https://www.politifact.com/factchecks/2024/jan/04/tweets/document-showing-jimmy-kimmel-in-epstein-court-cas/
